Segment ID,Station ID,Station Description,Start Date,Start Time,Start Depth,End Date,End Time,End Depth,Submitting Entity,Collecting Entity,Monitoring Type,Composite Category,Composite Type,Parameter Name,Parameter Code,GTLT,Value,RFA/Tag ID,Station Latitude,Station Longitude,Comments
1411,13863,E V SPENCE RESERVOIR AT DAM,,,,8/15/2001,11:08,0.369,LOWER COLORADO RIVER AUTHORITY,COLORADO RIVER MUNICIPAL WATER DISTRICT,Routine - Monitoring not intentionally targeted toward any environmental condition or event,,,"SPECIFIC CONDUCTANCE,FIELD (US/CM @ 25C)",94,,4661,L701356,31.90361,-100.523613,
1411,13863,E V SPENCE RESERVOIR AT DAM,,,,8/15/2001,11:05,2.442,LOWER COLORADO RIVER AUTHORITY,COLORADO RIVER MUNICIPAL WATER DISTRICT,Routine - Monitoring not intentionally targeted toward any environmental condition or event,,,"SPECIFIC CONDUCTANCE,FIELD (US/CM @ 25C)",94,,4661,L701357,31.90361,-100.523613,
1411,13863,E V SPENCE RESERVOIR AT DAM,,,,8/15/2001,11:03,4.161,LOWER COLORADO RIVER AUTHORITY,COLORADO RIVER MUNICIPAL WATER DISTRICT,Routine - Monitoring not intentionally targeted toward any environmental condition or event,,,"SPECIFIC CONDUCTANCE,FIELD (US/CM @ 25C)",94,,4661,L701358,31.90361,-100.523613,
1411,13863,E V SPENCE RESERVOIR AT DAM,,,,8/15/2001,11:01,6.419,LOWER COLORADO RIVER AUTHORITY,COLORADO RIVER MUNICIPAL WATER DISTRICT,Routine - Monitoring not intentionally targeted toward any environmental condition or event,,,"SPECIFIC CONDUCTANCE,FIELD (US/CM @ 25C)",94,,4622,L701359,31.90361,-100.523613,
1411,13863,E V SPENCE RESERVOIR AT DAM,,,,8/15/2001,10:59,8.169,LOWER COLORADO RIVER AUTHORITY,COLORADO RIVER MUNICIPAL WATER DISTRICT,Routine - Monitoring not intentionally targeted toward any environmental condition or event,,,"SPECIFIC CONDUCTANCE,FIELD (US/CM @ 25C)",94,,4610,L701360,31.90361,-100.523613,
1411,13863,E V SPENCE RESERVOIR AT DAM,,,,1/9/2002,10:57,0.31,LOWER COLORADO RIVER AUTHORITY,COLORADO RIVER MUNICIPAL WATER DISTRICT,Routine - Monitoring not intentionally targeted toward any environmental condition or event,,,"SPECIFIC CONDUCTANCE,FIELD (US/CM @ 25C)",94,,4457,L701587,31.90361,-100.523613,
1411,13863,E V SPENCE RESERVOIR AT DAM,,,,1/9/2002,10:55,2.05,LOWER COLORADO RIVER AUTHORITY,COLORADO RIVER MUNICIPAL WATER DISTRICT,Routine - Monitoring not intentionally targeted toward any environmental condition or event,,,"SPECIFIC CONDUCTANCE,FIELD (US/CM @ 25C)",94,,4458,L701588,31.90361,-100.523613,
1411,13863,E V SPENCE RESERVOIR AT DAM,,,,1/9/2002,10:53,4.06,LOWER COLORADO RIVER AUTHORITY,COLORADO RIVER MUNICIPAL WATER DISTRICT,Routine - Monitoring not intentionally targeted toward any environmental condition or event,,,"SPECIFIC CONDUCTANCE,FIELD (US/CM @ 25C)",94,,4456,L701589,31.90361,-100.523613,
1411,13863,E V SPENCE RESERVOIR AT DAM,,,,1/9/2002,10:50,6.05,LOWER COLORADO RIVER AUTHORITY,COLORADO RIVER MUNICIPAL WATER DISTRICT,Routine - Monitoring not intentionally targeted toward any environmental condition or event,,,"SPECIFIC CONDUCTANCE,FIELD (US/CM @ 25C)",94,,4459,L701590,31.90361,-100.523613,
1411,13863,E V SPENCE RESERVOIR AT DAM,,,,1/9/2002,10:48,8.13,LOWER COLORADO RIVER AUTHORITY,COLORADO RIVER MUNICIPAL WATER DISTRICT,Routine - Monitoring not intentionally targeted toward any environmental condition or event,,,"SPECIFIC CONDUCTANCE,FIELD (US/CM @ 25C)",94,,4458,L701591,31.90361,-100.523613,
1411,13863,E V SPENCE RESERVOIR AT DAM,,,,8/6/2002,11:25,0.35,LOWER COLORADO RIVER AUTHORITY,COLORADO RIVER MUNICIPAL WATER DISTRICT,Routine - Monitoring not intentionally targeted toward any environmental condition or event,,,"SPECIFIC CONDUCTANCE,FIELD (US/CM @ 25C)",94,,4322,L702130,31.90361,-100.523613,
1411,13863,E V SPENCE RESERVOIR AT DAM,,,,8/6/2002,11:22,1.51,LOWER COLORADO RIVER AUTHORITY,COLORADO RIVER MUNICIPAL WATER DISTRICT,Routine - Monitoring not intentionally targeted toward any environmental condition or event,,,"SPECIFIC CONDUCTANCE,FIELD (US/CM @ 25C)",94,,4344,L702131,31.90361,-100.523613,
1411,13863,E V SPENCE RESERVOIR AT DAM,,,,8/6/2002,11:19,3.51,LOWER COLORADO RIVER AUTHORITY,COLORADO RIVER MUNICIPAL WATER DISTRICT,Routine - Monitoring not intentionally targeted toward any environmental condition or event,,,"SPECIFIC CONDUCTANCE,FIELD (US/CM @ 25C)",94,,4343,L702132,31.90361,-100.523613,
1411,13863,E V SPENCE RESERVOIR AT DAM,,,,8/6/2002,11:16,5.58,LOWER COLORADO RIVER AUTHORITY,COLORADO RIVER MUNICIPAL WATER DISTRICT,Routine - Monitoring not intentionally targeted toward any environmental condition or event,,,"SPECIFIC CONDUCTANCE,FIELD (US/CM @ 25C)",94,,4345,L702133,31.90361,-100.523613,
1411,13863,E V SPENCE RESERVOIR AT DAM,,,,8/6/2002,11:12,7.57,LOWER COLORADO RIVER AUTHORITY,COLORADO RIVER MUNICIPAL WATER DISTRICT,Routine - Monitoring not intentionally targeted toward any environmental condition or event,,,"SPECIFIC CONDUCTANCE,FIELD (US/CM @ 25C)",94,,4349,L702134,31.90361,-100.523613,
1411,13863,E V SPENCE RESERVOIR AT DAM,,,,1/8/2003,8:30,4.06,LOWER COLORADO RIVER AUTHORITY,COLORADO RIVER MUNICIPAL WATER DISTRICT,Routine - Monitoring not intentionally targeted toward any environmental condition or event,,,"SPECIFIC CONDUCTANCE,FIELD (US/CM @ 25C)",94,,4463,L702265,31.90361,-100.523613,
1411,13863,E V SPENCE RESERVOIR AT DAM,,,,1/8/2003,8:28,5.12,LOWER COLORADO RIVER AUTHORITY,COLORADO RIVER MUNICIPAL WATER DISTRICT,Routine - Monitoring not intentionally targeted toward any environmental condition or event,,,"SPECIFIC CONDUCTANCE,FIELD (US/CM @ 25C)",94,,4463,L702266,31.90361,-100.523613,
1411,13863,E V SPENCE RESERVOIR AT DAM,,,,1/8/2003,8:26,6.02,LOWER COLORADO RIVER AUTHORITY,COLORADO RIVER MUNICIPAL WATER DISTRICT,Routine - Monitoring not intentionally targeted toward any environmental condition or event,,,"SPECIFIC CONDUCTANCE,FIELD (US/CM @ 25C)",94,,4462,L702267,31.90361,-100.523613,
1411,13863,E V SPENCE RESERVOIR AT DAM,,,,1/8/2003,8:24,7.03,LOWER COLORADO RIVER AUTHORITY,COLORADO RIVER MUNICIPAL WATER DISTRICT,Routine - Monitoring not intentionally targeted toward any environmental condition or event,,,"SPECIFIC CONDUCTANCE,FIELD (US/CM @ 25C)",94,,4461,L702268,31.90361,-100.523613,
1411,13863,E V SPENCE RESERVOIR AT DAM,,,,1/8/2003,8:23,8.11,LOWER COLORADO RIVER AUTHORITY,COLORADO RIVER MUNICIPAL WATER DISTRICT,Routine - Monitoring not intentionally targeted toward any environmental condition or event,,,"SPECIFIC CONDUCTANCE,FIELD (US/CM @ 25C)",94,,4432,L702269,31.90361,-100.523613,
1411,13863,E V SPENCE RESERVOIR AT DAM,,,,1/8/2003,8:40,0.32,LOWER COLORADO RIVER AUTHORITY,COLORADO RIVER MUNICIPAL WATER DISTRICT,Routine - Monitoring not intentionally targeted toward any environmental condition or event,,,"SPECIFIC CONDUCTANCE,FIELD (US/CM @ 25C)",94,,4459,L702261,31.90361,-100.523613,
1411,13863,E V SPENCE RESERVOIR AT DAM,,,,1/8/2003,8:38,1.04,LOWER COLORADO RIVER AUTHORITY,COLORADO RIVER MUNICIPAL WATER DISTRICT,Routine - Monitoring not intentionally targeted toward any environmental condition or event,,,"SPECIFIC CONDUCTANCE,FIELD (US/CM @ 25C)",94,,4459,L702262,31.90361,-100.523613,
1411,13863,E V SPENCE RESERVOIR AT DAM,,,,1/8/2003,8:36,2.06,LOWER COLORADO RIVER AUTHORITY,COLORADO RIVER MUNICIPAL WATER DISTRICT,Routine - Monitoring not intentionally targeted toward any environmental condition or event,,,"SPECIFIC CONDUCTANCE,FIELD (US/CM @ 25C)",94,,4460,L702263,31.90361,-100.523613,
1411,13863,E V SPENCE RESERVOIR AT DAM,,,,1/8/2003,8:32,3.06,LOWER COLORADO RIVER AUTHORITY,COLORADO RIVER MUNICIPAL WATER DISTRICT,Routine - Monitoring not intentionally targeted toward any environmental condition or event,,,"SPECIFIC CONDUCTANCE,FIELD (US/CM @ 25C)",94,,4461,L702264,31.90361,-100.523613,
1411,13863,E V SPENCE RESERVOIR AT DAM,,,,8/13/2003,9:26,1.36,LOWER COLORADO RIVER AUTHORITY,COLORADO RIVER MUNICIPAL WATER DISTRICT,Routine - Monitoring not intentionally targeted toward any environmental condition or event,,,"SPECIFIC CONDUCTANCE,FIELD (US/CM @ 25C)",94,,2722,L702531,31.90361,-100.523613,
1411,13863,E V SPENCE RESERVOIR AT DAM,,,,8/13/2003,9:24,2.32,LOWER COLORADO RIVER AUTHORITY,COLORADO RIVER MUNICIPAL WATER DISTRICT,Routine - Monitoring not intentionally targeted toward any environmental condition or event,,,"SPECIFIC CONDUCTANCE,FIELD (US/CM @ 25C)",94,,2723,L702532,31.90361,-100.523613,
1411,13863,E V SPENCE RESERVOIR AT DAM,,,,8/13/2003,9:22,3.34,LOWER COLORADO RIVER AUTHORITY,COLORADO RIVER MUNICIPAL WATER DISTRICT,Routine - Monitoring not intentionally targeted toward any environmental condition or event,,,"SPECIFIC CONDUCTANCE,FIELD (US/CM @ 25C)",94,,2724,L702533,31.90361,-100.523613,
1411,13863,E V SPENCE RESERVOIR AT DAM,,,,8/13/2003,9:20,4.33,LOWER COLORADO RIVER AUTHORITY,COLORADO RIVER MUNICIPAL WATER DISTRICT,Routine - Monitoring not intentionally targeted toward any environmental condition or event,,,"SPECIFIC CONDUCTANCE,FIELD (US/CM @ 25C)",94,,2735,L702534,31.90361,-100.523613,
1411,13863,E V SPENCE RESERVOIR AT DAM,,,,8/13/2003,9:19,5.33,LOWER COLORADO RIVER AUTHORITY,COLORADO RIVER MUNICIPAL WATER DISTRICT,Routine - Monitoring not intentionally targeted toward any environmental condition or event,,,"SPECIFIC CONDUCTANCE,FIELD (US/CM @ 25C)",94,,2742,L702535,31.90361,-100.523613,
1411,13863,E V SPENCE RESERVOIR AT DAM,,,,8/13/2003,9:18,6.34,LOWER COLORADO RIVER AUTHORITY,COLORADO RIVER MUNICIPAL WATER DISTRICT,Routine - Monitoring not intentionally targeted toward any environmental condition or event,,,"SPECIFIC CONDUCTANCE,FIELD (US/CM @ 25C)",94,,2852,L702536,31.90361,-100.523613,
1411,13863,E V SPENCE RESERVOIR AT DAM,,,,8/13/2003,9:15,7.31,LOWER COLORADO RIVER AUTHORITY,COLORADO RIVER MUNICIPAL WATER DISTRICT,Routine - Monitoring not intentionally targeted toward any environmental condition or event,,,"SPECIFIC CONDUCTANCE,FIELD (US/CM @ 25C)",94,,3322,L702537,31.90361,-100.523613,
1411,13863,E V SPENCE RESERVOIR AT DAM,,,,8/13/2003,9:14,8.33,LOWER COLORADO RIVER AUTHORITY,COLORADO RIVER MUNICIPAL WATER DISTRICT,Routine - Monitoring not intentionally targeted toward any environmental condition or event,,,"SPECIFIC CONDUCTANCE,FIELD (US/CM @ 25C)",94,,3702,L702538,31.90361,-100.523613,
1411,13863,E V SPENCE RESERVOIR AT DAM,,,,8/13/2003,9:28,0.35,LOWER COLORADO RIVER AUTHORITY,COLORADO RIVER MUNICIPAL WATER DISTRICT,Routine - Monitoring not intentionally targeted toward any environmental condition or event,,,"SPECIFIC CONDUCTANCE,FIELD (US/CM @ 25C)",94,,2723,L702530,31.90361,-100.523613,
1411,13863,E V SPENCE RESERVOIR AT DAM,,,,1/7/2004,9:55,1.16,LOWER COLORADO RIVER AUTHORITY,COLORADO RIVER MUNICIPAL WATER DISTRICT,Routine - Monitoring not intentionally targeted toward any environmental condition or event,,,"SPECIFIC CONDUCTANCE,FIELD (US/CM @ 25C)",94,,2911,L702765,31.90361,-100.523613,
1411,13863,E V SPENCE RESERVOIR AT DAM,,,,1/7/2004,9:53,2.11,LOWER COLORADO RIVER AUTHORITY,COLORADO RIVER MUNICIPAL WATER DISTRICT,Routine - Monitoring not intentionally targeted toward any environmental condition or event,,,"SPECIFIC CONDUCTANCE,FIELD (US/CM @ 25C)",94,,2910,L702766,31.90361,-100.523613,
1411,13863,E V SPENCE RESERVOIR AT DAM,,,,1/7/2004,9:51,3.11,LOWER COLORADO RIVER AUTHORITY,COLORADO RIVER MUNICIPAL WATER DISTRICT,Routine - Monitoring not intentionally targeted toward any environmental condition or event,,,"SPECIFIC CONDUCTANCE,FIELD (US/CM @ 25C)",94,,2910,L702767,31.90361,-100.523613,
1411,13863,E V SPENCE RESERVOIR AT DAM,,,,1/7/2004,9:49,4.12,LOWER COLORADO RIVER AUTHORITY,COLORADO RIVER MUNICIPAL WATER DISTRICT,Routine - Monitoring not intentionally targeted toward any environmental condition or event,,,"SPECIFIC CONDUCTANCE,FIELD (US/CM @ 25C)",94,,2910,L702768,31.90361,-100.523613,
1411,13863,E V SPENCE RESERVOIR AT DAM,,,,1/7/2004,9:47,5.08,LOWER COLORADO RIVER AUTHORITY,COLORADO RIVER MUNICIPAL WATER DISTRICT,Routine - Monitoring not intentionally targeted toward any environmental condition or event,,,"SPECIFIC CONDUCTANCE,FIELD (US/CM @ 25C)",94,,2910,L702769,31.90361,-100.523613,
1411,13863,E V SPENCE RESERVOIR AT DAM,,,,1/7/2004,9:45,6.14,LOWER COLORADO RIVER AUTHORITY,COLORADO RIVER MUNICIPAL WATER DISTRICT,Routine - Monitoring not intentionally targeted toward any environmental condition or event,,,"SPECIFIC CONDUCTANCE,FIELD (US/CM @ 25C)",94,,2911,L702770,31.90361,-100.523613,
1411,13863,E V SPENCE RESERVOIR AT DAM,,,,1/7/2004,9:43,7.13,LOWER COLORADO RIVER AUTHORITY,COLORADO RIVER MUNICIPAL WATER DISTRICT,Routine - Monitoring not intentionally targeted toward any environmental condition or event,,,"SPECIFIC CONDUCTANCE,FIELD (US/CM @ 25C)",94,,2911,L702771,31.90361,-100.523613,
1411,13863,E V SPENCE RESERVOIR AT DAM,,,,1/7/2004,9:41,8.16,LOWER COLORADO RIVER AUTHORITY,COLORADO RIVER MUNICIPAL WATER DISTRICT,Routine - Monitoring not intentionally targeted toward any environmental condition or event,,,"SPECIFIC CONDUCTANCE,FIELD (US/CM @ 25C)",94,,2911,L702772,31.90361,-100.523613,
1411,13863,E V SPENCE RESERVOIR AT DAM,,,,1/7/2004,10:00,0.35,LOWER COLORADO RIVER AUTHORITY,COLORADO RIVER MUNICIPAL WATER DISTRICT,Routine - Monitoring not intentionally targeted toward any environmental condition or event,,,"SPECIFIC CONDUCTANCE,FIELD (US/CM @ 25C)",94,,2915,L702764,31.90361,-100.523613,
1411,13863,E V SPENCE RESERVOIR AT DAM,,,,8/11/2004,8:47,0.4,LOWER COLORADO RIVER AUTHORITY,COLORADO RIVER MUNICIPAL WATER DISTRICT,Routine - Monitoring not intentionally targeted toward any environmental condition or event,,,"SPECIFIC CONDUCTANCE,FIELD (US/CM @ 25C)",94,,2880,L703036,31.90361,-100.523613,
1411,13863,E V SPENCE RESERVOIR AT DAM,,,,8/11/2004,8:45,1.1,LOWER COLORADO RIVER AUTHORITY,COLORADO RIVER MUNICIPAL WATER DISTRICT,Routine - Monitoring not intentionally targeted toward any environmental condition or event,,,"SPECIFIC CONDUCTANCE,FIELD (US/CM @ 25C)",94,,2877,L703037,31.90361,-100.523613,
1411,13863,E V SPENCE RESERVOIR AT DAM,,,,8/11/2004,8:41,2.1,LOWER COLORADO RIVER AUTHORITY,COLORADO RIVER MUNICIPAL WATER DISTRICT,Routine - Monitoring not intentionally targeted toward any environmental condition or event,,,"SPECIFIC CONDUCTANCE,FIELD (US/CM @ 25C)",94,,2876,L703038,31.90361,-100.523613,
1411,13863,E V SPENCE RESERVOIR AT DAM,,,,8/11/2004,8:39,3.1,LOWER COLORADO RIVER AUTHORITY,COLORADO RIVER MUNICIPAL WATER DISTRICT,Routine - Monitoring not intentionally targeted toward any environmental condition or event,,,"SPECIFIC CONDUCTANCE,FIELD (US/CM @ 25C)",94,,2878,L703039,31.90361,-100.523613,
1411,13863,E V SPENCE RESERVOIR AT DAM,,,,8/11/2004,8:37,4.1,LOWER COLORADO RIVER AUTHORITY,COLORADO RIVER MUNICIPAL WATER DISTRICT,Routine - Monitoring not intentionally targeted toward any environmental condition or event,,,"SPECIFIC CONDUCTANCE,FIELD (US/CM @ 25C)",94,,2892,L703040,31.90361,-100.523613,
1411,13863,E V SPENCE RESERVOIR AT DAM,,,,8/11/2004,8:35,5.1,LOWER COLORADO RIVER AUTHORITY,COLORADO RIVER MUNICIPAL WATER DISTRICT,Routine - Monitoring not intentionally targeted toward any environmental condition or event,,,"SPECIFIC CONDUCTANCE,FIELD (US/CM @ 25C)",94,,2899,L703041,31.90361,-100.523613,
1411,13863,E V SPENCE RESERVOIR AT DAM,,,,8/11/2004,8:30,6,LOWER COLORADO RIVER AUTHORITY,COLORADO RIVER MUNICIPAL WATER DISTRICT,Routine - Monitoring not intentionally targeted toward any environmental condition or event,,,"SPECIFIC CONDUCTANCE,FIELD (US/CM @ 25C)",94,,2910,L703042,31.90361,-100.523613,
1411,13863,E V SPENCE RESERVOIR AT DAM,,,,8/11/2004,8:27,7.1,LOWER COLORADO RIVER AUTHORITY,COLORADO RIVER MUNICIPAL WATER DISTRICT,Routine - Monitoring not intentionally targeted toward any environmental condition or event,,,"SPECIFIC CONDUCTANCE,FIELD (US/CM @ 25C)",94,,2910,L703043,31.90361,-100.523613,
1411,13863,E V SPENCE RESERVOIR AT DAM,,,,8/11/2004,8:25,8,LOWER COLORADO RIVER AUTHORITY,COLORADO RIVER MUNICIPAL WATER DISTRICT,Routine - Monitoring not intentionally targeted toward any environmental condition or event,,,"SPECIFIC CONDUCTANCE,FIELD (US/CM @ 25C)",94,,2885,L703044,31.90361,-100.523613,
1411,13863,E V SPENCE RESERVOIR AT DAM,,,,1/10/2005,9:30,0.309,LOWER COLORADO RIVER AUTHORITY,COLORADO RIVER MUNICIPAL WATER DISTRICT,Routine - Monitoring not intentionally targeted toward any environmental condition or event,,,"SPECIFIC CONDUCTANCE,FIELD (US/CM @ 25C)",94,,2077,L703167,31.90361,-100.523613,
1411,13863,E V SPENCE RESERVOIR AT DAM,,,,1/10/2005,9:06,8.421,LOWER COLORADO RIVER AUTHORITY,COLORADO RIVER MUNICIPAL WATER DISTRICT,Routine - Monitoring not intentionally targeted toward any environmental condition or event,,,"SPECIFIC CONDUCTANCE,FIELD (US/CM @ 25C)",94,,2083,L703159,31.90361,-100.523613,
1411,13863,E V SPENCE RESERVOIR AT DAM,,,,1/10/2005,9:11,7.351,LOWER COLORADO RIVER AUTHORITY,COLORADO RIVER MUNICIPAL WATER DISTRICT,Routine - Monitoring not intentionally targeted toward any environmental condition or event,,,"SPECIFIC CONDUCTANCE,FIELD (US/CM @ 25C)",94,,2081,L703160,31.90361,-100.523613,
1411,13863,E V SPENCE RESERVOIR AT DAM,,,,1/10/2005,9:14,6.351,LOWER COLORADO RIVER AUTHORITY,COLORADO RIVER MUNICIPAL WATER DISTRICT,Routine - Monitoring not intentionally targeted toward any environmental condition or event,,,"SPECIFIC CONDUCTANCE,FIELD (US/CM @ 25C)",94,,2077,L703161,31.90361,-100.523613,
1411,13863,E V SPENCE RESERVOIR AT DAM,,,,1/10/2005,9:17,5.29,LOWER COLORADO RIVER AUTHORITY,COLORADO RIVER MUNICIPAL WATER DISTRICT,Routine - Monitoring not intentionally targeted toward any environmental condition or event,,,"SPECIFIC CONDUCTANCE,FIELD (US/CM @ 25C)",94,,2075,L703162,31.90361,-100.523613,
1411,13863,E V SPENCE RESERVOIR AT DAM,,,,1/10/2005,9:18,4.286,LOWER COLORADO RIVER AUTHORITY,COLORADO RIVER MUNICIPAL WATER DISTRICT,Routine - Monitoring not intentionally targeted toward any environmental condition or event,,,"SPECIFIC CONDUCTANCE,FIELD (US/CM @ 25C)",94,,2074,L703163,31.90361,-100.523613,
1411,13863,E V SPENCE RESERVOIR AT DAM,,,,1/10/2005,9:21,3.369,LOWER COLORADO RIVER AUTHORITY,COLORADO RIVER MUNICIPAL WATER DISTRICT,Routine - Monitoring not intentionally targeted toward any environmental condition or event,,,"SPECIFIC CONDUCTANCE,FIELD (US/CM @ 25C)",94,,2073,L703164,31.90361,-100.523613,
1411,13863,E V SPENCE RESERVOIR AT DAM,,,,1/10/2005,9:24,2.336,LOWER COLORADO RIVER AUTHORITY,COLORADO RIVER MUNICIPAL WATER DISTRICT,Routine - Monitoring not intentionally targeted toward any environmental condition or event,,,"SPECIFIC CONDUCTANCE,FIELD (US/CM @ 25C)",94,,2074,L703165,31.90361,-100.523613,
1411,13863,E V SPENCE RESERVOIR AT DAM,,,,1/10/2005,9:27,1.335,LOWER COLORADO RIVER AUTHORITY,COLORADO RIVER MUNICIPAL WATER DISTRICT,Routine - Monitoring not intentionally targeted toward any environmental condition or event,,,"SPECIFIC CONDUCTANCE,FIELD (US/CM @ 25C)",94,,2075,L703166,31.90361,-100.523613,
1411,13863,E V SPENCE RESERVOIR AT DAM,,,,8/3/2005,8:59,2.057,LOWER COLORADO RIVER AUTHORITY,COLORADO RIVER MUNICIPAL WATER DISTRICT,Routine - Monitoring not intentionally targeted toward any environmental condition or event,,,"SPECIFIC CONDUCTANCE,FIELD (US/CM @ 25C)",94,,2526,L703455,31.90361,-100.523613,
1411,13863,E V SPENCE RESERVOIR AT DAM,,,,8/3/2005,9:03,1.042,LOWER COLORADO RIVER AUTHORITY,COLORADO RIVER MUNICIPAL WATER DISTRICT,Routine - Monitoring not intentionally targeted toward any environmental condition or event,,,"SPECIFIC CONDUCTANCE,FIELD (US/CM @ 25C)",94,,2528,L703456,31.90361,-100.523613,
1411,13863,E V SPENCE RESERVOIR AT DAM,,,,8/3/2005,9:07,0.332,LOWER COLORADO RIVER AUTHORITY,COLORADO RIVER MUNICIPAL WATER DISTRICT,Routine - Monitoring not intentionally targeted toward any environmental condition or event,,,"SPECIFIC CONDUCTANCE,FIELD (US/CM @ 25C)",94,,2532,L703457,31.90361,-100.523613,
1411,13863,E V SPENCE RESERVOIR AT DAM,,,,8/3/2005,8:46,8.05,LOWER COLORADO RIVER AUTHORITY,COLORADO RIVER MUNICIPAL WATER DISTRICT,Routine - Monitoring not intentionally targeted toward any environmental condition or event,,,"SPECIFIC CONDUCTANCE,FIELD (US/CM @ 25C)",94,,2520,L703449,31.90361,-100.523613,
1411,13863,E V SPENCE RESERVOIR AT DAM,,,,8/3/2005,8:48,7.041,LOWER COLORADO RIVER AUTHORITY,COLORADO RIVER MUNICIPAL WATER DISTRICT,Routine - Monitoring not intentionally targeted toward any environmental condition or event,,,"SPECIFIC CONDUCTANCE,FIELD (US/CM @ 25C)",94,,2521,L703450,31.90361,-100.523613,
1411,13863,E V SPENCE RESERVOIR AT DAM,,,,8/3/2005,8:50,6.036,LOWER COLORADO RIVER AUTHORITY,COLORADO RIVER MUNICIPAL WATER DISTRICT,Routine - Monitoring not intentionally targeted toward any environmental condition or event,,,"SPECIFIC CONDUCTANCE,FIELD (US/CM @ 25C)",94,,2519,L703451,31.90361,-100.523613,
1411,13863,E V SPENCE RESERVOIR AT DAM,,,,8/3/2005,8:53,5.055,LOWER COLORADO RIVER AUTHORITY,COLORADO RIVER MUNICIPAL WATER DISTRICT,Routine - Monitoring not intentionally targeted toward any environmental condition or event,,,"SPECIFIC CONDUCTANCE,FIELD (US/CM @ 25C)",94,,2538,L703452,31.90361,-100.523613,
1411,13863,E V SPENCE RESERVOIR AT DAM,,,,8/3/2005,8:55,4.083,LOWER COLORADO RIVER AUTHORITY,COLORADO RIVER MUNICIPAL WATER DISTRICT,Routine - Monitoring not intentionally targeted toward any environmental condition or event,,,"SPECIFIC CONDUCTANCE,FIELD (US/CM @ 25C)",94,,2530,L703453,31.90361,-100.523613,
1411,13863,E V SPENCE RESERVOIR AT DAM,,,,8/3/2005,8:58,3.085,LOWER COLORADO RIVER AUTHORITY,COLORADO RIVER MUNICIPAL WATER DISTRICT,Routine - Monitoring not intentionally targeted toward any environmental condition or event,,,"SPECIFIC CONDUCTANCE,FIELD (US/CM @ 25C)",94,,2537,L703454,31.90361,-100.523613,
1411,13863,E V SPENCE RESERVOIR AT DAM,,,,1/5/2006,9:10,8.134,LOWER COLORADO RIVER AUTHORITY,COLORADO RIVER MUNICIPAL WATER DISTRICT,Routine - Monitoring not intentionally targeted toward any environmental condition or event,,,"SPECIFIC CONDUCTANCE,FIELD (US/CM @ 25C)",94,,2037,L703595,31.90361,-100.523613,
1411,13863,E V SPENCE RESERVOIR AT DAM,,,,1/5/2006,9:11,7.176,LOWER COLORADO RIVER AUTHORITY,COLORADO RIVER MUNICIPAL WATER DISTRICT,Routine - Monitoring not intentionally targeted toward any environmental condition or event,,,"SPECIFIC CONDUCTANCE,FIELD (US/CM @ 25C)",94,,2037,L703596,31.90361,-100.523613,
1411,13863,E V SPENCE RESERVOIR AT DAM,,,,1/5/2006,9:14,6.177,LOWER COLORADO RIVER AUTHORITY,COLORADO RIVER MUNICIPAL WATER DISTRICT,Routine - Monitoring not intentionally targeted toward any environmental condition or event,,,"SPECIFIC CONDUCTANCE,FIELD (US/CM @ 25C)",94,,2036,L703597,31.90361,-100.523613,
1411,13863,E V SPENCE RESERVOIR AT DAM,,,,1/5/2006,9:17,5.126,LOWER COLORADO RIVER AUTHORITY,COLORADO RIVER MUNICIPAL WATER DISTRICT,Routine - Monitoring not intentionally targeted toward any environmental condition or event,,,"SPECIFIC CONDUCTANCE,FIELD (US/CM @ 25C)",94,,2036,L703598,31.90361,-100.523613,
1411,13863,E V SPENCE RESERVOIR AT DAM,,,,1/5/2006,9:19,4.153,LOWER COLORADO RIVER AUTHORITY,COLORADO RIVER MUNICIPAL WATER DISTRICT,Routine - Monitoring not intentionally targeted toward any environmental condition or event,,,"SPECIFIC CONDUCTANCE,FIELD (US/CM @ 25C)",94,,2036,L703599,31.90361,-100.523613,
1411,13863,E V SPENCE RESERVOIR AT DAM,,,,1/5/2006,9:22,3.131,LOWER COLORADO RIVER AUTHORITY,COLORADO RIVER MUNICIPAL WATER DISTRICT,Routine - Monitoring not intentionally targeted toward any environmental condition or event,,,"SPECIFIC CONDUCTANCE,FIELD (US/CM @ 25C)",94,,2036,L703600,31.90361,-100.523613,
1411,13863,E V SPENCE RESERVOIR AT DAM,,,,1/5/2006,9:23,2.132,LOWER COLORADO RIVER AUTHORITY,COLORADO RIVER MUNICIPAL WATER DISTRICT,Routine - Monitoring not intentionally targeted toward any environmental condition or event,,,"SPECIFIC CONDUCTANCE,FIELD (US/CM @ 25C)",94,,2036,L703601,31.90361,-100.523613,
1411,13863,E V SPENCE RESERVOIR AT DAM,,,,1/5/2006,9:24,1.12,LOWER COLORADO RIVER AUTHORITY,COLORADO RIVER MUNICIPAL WATER DISTRICT,Routine - Monitoring not intentionally targeted toward any environmental condition or event,,,"SPECIFIC CONDUCTANCE,FIELD (US/CM @ 25C)",94,,2035,L703602,31.90361,-100.523613,
1411,13863,E V SPENCE RESERVOIR AT DAM,,,,1/5/2006,9:26,0.323,LOWER COLORADO RIVER AUTHORITY,COLORADO RIVER MUNICIPAL WATER DISTRICT,Routine - Monitoring not intentionally targeted toward any environmental condition or event,,,"SPECIFIC CONDUCTANCE,FIELD (US/CM @ 25C)",94,,2033,L703603,31.90361,-100.523613,
1411,13863,E V SPENCE RESERVOIR AT DAM,,,,11/1/2006,11:21,6,LOWER COLORADO RIVER AUTHORITY,COLORADO RIVER MUNICIPAL WATER DISTRICT,Routine - Monitoring not intentionally targeted toward any environmental condition or event,,,"SPECIFIC CONDUCTANCE,FIELD (US/CM @ 25C)",94,,2450,L703866,31.90361,-100.523613,
1411,13863,E V SPENCE RESERVOIR AT DAM,,,,11/1/2006,11:20,7.9,LOWER COLORADO RIVER AUTHORITY,COLORADO RIVER MUNICIPAL WATER DISTRICT,Routine - Monitoring not intentionally targeted toward any environmental condition or event,,,"SPECIFIC CONDUCTANCE,FIELD (US/CM @ 25C)",94,,2450,L703864,31.90361,-100.523613,
1411,13863,E V SPENCE RESERVOIR AT DAM,,,,11/1/2006,11:20,7,LOWER COLORADO RIVER AUTHORITY,COLORADO RIVER MUNICIPAL WATER DISTRICT,Routine - Monitoring not intentionally targeted toward any environmental condition or event,,,"SPECIFIC CONDUCTANCE,FIELD (US/CM @ 25C)",94,,2450,L703865,31.90361,-100.523613,
1411,13863,E V SPENCE RESERVOIR AT DAM,,,,11/1/2006,11:23,3.1,LOWER COLORADO RIVER AUTHORITY,COLORADO RIVER MUNICIPAL WATER DISTRICT,Routine - Monitoring not intentionally targeted toward any environmental condition or event,,,"SPECIFIC CONDUCTANCE,FIELD (US/CM @ 25C)",94,,2450,L703869,31.90361,-100.523613,
1411,13863,E V SPENCE RESERVOIR AT DAM,,,,11/1/2006,11:22,5.2,LOWER COLORADO RIVER AUTHORITY,COLORADO RIVER MUNICIPAL WATER DISTRICT,Routine - Monitoring not intentionally targeted toward any environmental condition or event,,,"SPECIFIC CONDUCTANCE,FIELD (US/CM @ 25C)",94,,2460,L703867,31.90361,-100.523613,
1411,13863,E V SPENCE RESERVOIR AT DAM,,,,11/1/2006,11:22,4.1,LOWER COLORADO RIVER AUTHORITY,COLORADO RIVER MUNICIPAL WATER DISTRICT,Routine - Monitoring not intentionally targeted toward any environmental condition or event,,,"SPECIFIC CONDUCTANCE,FIELD (US/CM @ 25C)",94,,2460,L703868,31.90361,-100.523613,
1411,13863,E V SPENCE RESERVOIR AT DAM,,,,11/1/2006,11:23,2,LOWER COLORADO RIVER AUTHORITY,COLORADO RIVER MUNICIPAL WATER DISTRICT,Routine - Monitoring not intentionally targeted toward any environmental condition or event,,,"SPECIFIC CONDUCTANCE,FIELD (US/CM @ 25C)",94,,2460,L703870,31.90361,-100.523613,
1411,13863,E V SPENCE RESERVOIR AT DAM,,,,11/1/2006,11:24,1.1,LOWER COLORADO RIVER AUTHORITY,COLORADO RIVER MUNICIPAL WATER DISTRICT,Routine - Monitoring not intentionally targeted toward any environmental condition or event,,,"SPECIFIC CONDUCTANCE,FIELD (US/CM @ 25C)",94,,2460,L703871,31.90361,-100.523613,
1411,13863,E V SPENCE RESERVOIR AT DAM,,,,11/1/2006,11:25,0.3,LOWER COLORADO RIVER AUTHORITY,COLORADO RIVER MUNICIPAL WATER DISTRICT,Routine - Monitoring not intentionally targeted toward any environmental condition or event,,,"SPECIFIC CONDUCTANCE,FIELD (US/CM @ 25C)",94,,2460,L703872,31.90361,-100.523613,
1411,13863,E V SPENCE RESERVOIR AT DAM,,,,2/5/2007,9:55,8.1,LOWER COLORADO RIVER AUTHORITY,COLORADO RIVER MUNICIPAL WATER DISTRICT,Routine - Monitoring not intentionally targeted toward any environmental condition or event,,,"SPECIFIC CONDUCTANCE,FIELD (US/CM @ 25C)",94,,2530,L703951,31.90361,-100.523613,
1411,13863,E V SPENCE RESERVOIR AT DAM,,,,2/5/2007,9:58,7.1,LOWER COLORADO RIVER AUTHORITY,COLORADO RIVER MUNICIPAL WATER DISTRICT,Routine - Monitoring not intentionally targeted toward any environmental condition or event,,,"SPECIFIC CONDUCTANCE,FIELD (US/CM @ 25C)",94,,2530,L703952,31.90361,-100.523613,
1411,13863,E V SPENCE RESERVOIR AT DAM,,,,2/5/2007,9:59,6.1,LOWER COLORADO RIVER AUTHORITY,COLORADO RIVER MUNICIPAL WATER DISTRICT,Routine - Monitoring not intentionally targeted toward any environmental condition or event,,,"SPECIFIC CONDUCTANCE,FIELD (US/CM @ 25C)",94,,2530,L703953,31.90361,-100.523613,
1411,13863,E V SPENCE RESERVOIR AT DAM,,,,2/5/2007,10:00,5,LOWER COLORADO RIVER AUTHORITY,COLORADO RIVER MUNICIPAL WATER DISTRICT,Routine - Monitoring not intentionally targeted toward any environmental condition or event,,,"SPECIFIC CONDUCTANCE,FIELD (US/CM @ 25C)",94,,2530,L703954,31.90361,-100.523613,
1411,13863,E V SPENCE RESERVOIR AT DAM,,,,2/5/2007,10:05,4.1,LOWER COLORADO RIVER AUTHORITY,COLORADO RIVER MUNICIPAL WATER DISTRICT,Routine - Monitoring not intentionally targeted toward any environmental condition or event,,,"SPECIFIC CONDUCTANCE,FIELD (US/CM @ 25C)",94,,2530,L703955,31.90361,-100.523613,
1411,13863,E V SPENCE RESERVOIR AT DAM,,,,2/5/2007,10:06,3,LOWER COLORADO RIVER AUTHORITY,COLORADO RIVER MUNICIPAL WATER DISTRICT,Routine - Monitoring not intentionally targeted toward any environmental condition or event,,,"SPECIFIC CONDUCTANCE,FIELD (US/CM @ 25C)",94,,2530,L703956,31.90361,-100.523613,
1411,13863,E V SPENCE RESERVOIR AT DAM,,,,2/5/2007,10:07,2.1,LOWER COLORADO RIVER AUTHORITY,COLORADO RIVER MUNICIPAL WATER DISTRICT,Routine - Monitoring not intentionally targeted toward any environmental condition or event,,,"SPECIFIC CONDUCTANCE,FIELD (US/CM @ 25C)",94,,2530,L703957,31.90361,-100.523613,
1411,13863,E V SPENCE RESERVOIR AT DAM,,,,2/5/2007,10:08,1,LOWER COLORADO RIVER AUTHORITY,COLORADO RIVER MUNICIPAL WATER DISTRICT,Routine - Monitoring not intentionally targeted toward any environmental condition or event,,,"SPECIFIC CONDUCTANCE,FIELD (US/CM @ 25C)",94,,2530,L703958,31.90361,-100.523613,
1411,13863,E V SPENCE RESERVOIR AT DAM,,,,2/5/2007,10:09,0.3,LOWER COLORADO RIVER AUTHORITY,COLORADO RIVER MUNICIPAL WATER DISTRICT,Routine - Monitoring not intentionally targeted toward any environmental condition or event,,,"SPECIFIC CONDUCTANCE,FIELD (US/CM @ 25C)",94,,2530,L703959,31.90361,-100.523613,
1411,13863,E V SPENCE RESERVOIR AT DAM,,,,8/15/2007,9:37,0.33,LOWER COLORADO RIVER AUTHORITY,COLORADO RIVER MUNICIPAL WATER DISTRICT,Routine - Monitoring not intentionally targeted toward any environmental condition or event,,,"SPECIFIC CONDUCTANCE,FIELD (US/CM @ 25C)",94,,2910,L704175,31.90361,-100.523613,
1411,13863,E V SPENCE RESERVOIR AT DAM,,,,8/15/2007,9:42,1,LOWER COLORADO RIVER AUTHORITY,COLORADO RIVER MUNICIPAL WATER DISTRICT,Routine - Monitoring not intentionally targeted toward any environmental condition or event,,,"SPECIFIC CONDUCTANCE,FIELD (US/CM @ 25C)",94,,2900,L704176,31.90361,-100.523613,
1411,13863,E V SPENCE RESERVOIR AT DAM,,,,8/15/2007,9:44,2,LOWER COLORADO RIVER AUTHORITY,COLORADO RIVER MUNICIPAL WATER DISTRICT,Routine - Monitoring not intentionally targeted toward any environmental condition or event,,,"SPECIFIC CONDUCTANCE,FIELD (US/CM @ 25C)",94,,2900,L704177,31.90361,-100.523613,
1411,13863,E V SPENCE RESERVOIR AT DAM,,,,8/15/2007,9:45,3,LOWER COLORADO RIVER AUTHORITY,COLORADO RIVER MUNICIPAL WATER DISTRICT,Routine - Monitoring not intentionally targeted toward any environmental condition or event,,,"SPECIFIC CONDUCTANCE,FIELD (US/CM @ 25C)",94,,2890,L704178,31.90361,-100.523613,
1411,13863,E V SPENCE RESERVOIR AT DAM,,,,8/15/2007,9:46,4,LOWER COLORADO RIVER AUTHORITY,COLORADO RIVER MUNICIPAL WATER DISTRICT,Routine - Monitoring not intentionally targeted toward any environmental condition or event,,,"SPECIFIC CONDUCTANCE,FIELD (US/CM @ 25C)",94,,2890,L704179,31.90361,-100.523613,
1411,13863,E V SPENCE RESERVOIR AT DAM,,,,8/15/2007,9:47,5,LOWER COLORADO RIVER AUTHORITY,COLORADO RIVER MUNICIPAL WATER DISTRICT,Routine - Monitoring not intentionally targeted toward any environmental condition or event,,,"SPECIFIC CONDUCTANCE,FIELD (US/CM @ 25C)",94,,2890,L704180,31.90361,-100.523613,
1411,13863,E V SPENCE RESERVOIR AT DAM,,,,8/15/2007,9:51,6,LOWER COLORADO RIVER AUTHORITY,COLORADO RIVER MUNICIPAL WATER DISTRICT,Routine - Monitoring not intentionally targeted toward any environmental condition or event,,,"SPECIFIC CONDUCTANCE,FIELD (US/CM @ 25C)",94,,2870,L704181,31.90361,-100.523613,
1411,13863,E V SPENCE RESERVOIR AT DAM,,,,8/15/2007,9:54,7,LOWER COLORADO RIVER AUTHORITY,COLORADO RIVER MUNICIPAL WATER DISTRICT,Routine - Monitoring not intentionally targeted toward any environmental condition or event,,,"SPECIFIC CONDUCTANCE,FIELD (US/CM @ 25C)",94,,2860,L704182,31.90361,-100.523613,
1411,13863,E V SPENCE RESERVOIR AT DAM,,,,8/15/2007,9:55,8,LOWER COLORADO RIVER AUTHORITY,COLORADO RIVER MUNICIPAL WATER DISTRICT,Routine - Monitoring not intentionally targeted toward any environmental condition or event,,,"SPECIFIC CONDUCTANCE,FIELD (US/CM @ 25C)",94,,2870,L704183,31.90361,-100.523613,
1411,13863,E V SPENCE RESERVOIR AT DAM,,,,8/15/2007,10:01,8,LOWER COLORADO RIVER AUTHORITY,COLORADO RIVER MUNICIPAL WATER DISTRICT,Routine - Monitoring not intentionally targeted toward any environmental condition or event,,,"SPECIFIC CONDUCTANCE,FIELD (US/CM @ 25C)",94,,2870,L704184,31.90361,-100.523613,
1411,13863,E V SPENCE RESERVOIR AT DAM,,,,1/21/2008,10:00,0.3,LOWER COLORADO RIVER AUTHORITY,COLORADO RIVER MUNICIPAL WATER DISTRICT,Routine - Monitoring not intentionally targeted toward any environmental condition or event,,,"SPECIFIC CONDUCTANCE,FIELD (US/CM @ 25C)",94,,2780,L704403,31.90361,-100.523613,
1411,13863,E V SPENCE RESERVOIR AT DAM,,,,1/21/2008,10:01,1,LOWER COLORADO RIVER AUTHORITY,COLORADO RIVER MUNICIPAL WATER DISTRICT,Routine - Monitoring not intentionally targeted toward any environmental condition or event,,,"SPECIFIC CONDUCTANCE,FIELD (US/CM @ 25C)",94,,2780,L704404,31.90361,-100.523613,
1411,13863,E V SPENCE RESERVOIR AT DAM,,,,1/21/2008,10:01,2,LOWER COLORADO RIVER AUTHORITY,COLORADO RIVER MUNICIPAL WATER DISTRICT,Routine - Monitoring not intentionally targeted toward any environmental condition or event,,,"SPECIFIC CONDUCTANCE,FIELD (US/CM @ 25C)",94,,2780,L704405,31.90361,-100.523613,
1411,13863,E V SPENCE RESERVOIR AT DAM,,,,1/21/2008,10:02,3,LOWER COLORADO RIVER AUTHORITY,COLORADO RIVER MUNICIPAL WATER DISTRICT,Routine - Monitoring not intentionally targeted toward any environmental condition or event,,,"SPECIFIC CONDUCTANCE,FIELD (US/CM @ 25C)",94,,2780,L704406,31.90361,-100.523613,
1411,13863,E V SPENCE RESERVOIR AT DAM,,,,1/21/2008,10:02,4,LOWER COLORADO RIVER AUTHORITY,COLORADO RIVER MUNICIPAL WATER DISTRICT,Routine - Monitoring not intentionally targeted toward any environmental condition or event,,,"SPECIFIC CONDUCTANCE,FIELD (US/CM @ 25C)",94,,2780,L704407,31.90361,-100.523613,
1411,13863,E V SPENCE RESERVOIR AT DAM,,,,1/21/2008,10:03,5,LOWER COLORADO RIVER AUTHORITY,COLORADO RIVER MUNICIPAL WATER DISTRICT,Routine - Monitoring not intentionally targeted toward any environmental condition or event,,,"SPECIFIC CONDUCTANCE,FIELD (US/CM @ 25C)",94,,2780,L704408,31.90361,-100.523613,
1411,13863,E V SPENCE RESERVOIR AT DAM,,,,1/21/2008,10:04,6,LOWER COLORADO RIVER AUTHORITY,COLORADO RIVER MUNICIPAL WATER DISTRICT,Routine - Monitoring not intentionally targeted toward any environmental condition or event,,,"SPECIFIC CONDUCTANCE,FIELD (US/CM @ 25C)",94,,2780,L704409,31.90361,-100.523613,
1411,13863,E V SPENCE RESERVOIR AT DAM,,,,1/21/2008,10:04,7,LOWER COLORADO RIVER AUTHORITY,COLORADO RIVER MUNICIPAL WATER DISTRICT,Routine - Monitoring not intentionally targeted toward any environmental condition or event,,,"SPECIFIC CONDUCTANCE,FIELD (US/CM @ 25C)",94,,2780,L704410,31.90361,-100.523613,
1411,13863,E V SPENCE RESERVOIR AT DAM,,,,1/21/2008,10:05,8,LOWER COLORADO RIVER AUTHORITY,COLORADO RIVER MUNICIPAL WATER DISTRICT,Routine - Monitoring not intentionally targeted toward any environmental condition or event,,,"SPECIFIC CONDUCTANCE,FIELD (US/CM @ 25C)",94,,2780,L704411,31.90361,-100.523613,
1411,13863,E V SPENCE RESERVOIR AT DAM,,,,7/16/2008,9:33,0.3,LOWER COLORADO RIVER AUTHORITY,COLORADO RIVER MUNICIPAL WATER DISTRICT,Routine - Monitoring not intentionally targeted toward any environmental condition or event,,,"SPECIFIC CONDUCTANCE,FIELD (US/CM @ 25C)",94,,3150,L093189,31.90361,-100.523613,
1411,13863,E V SPENCE RESERVOIR AT DAM,,,,7/16/2008,9:36,1,LOWER COLORADO RIVER AUTHORITY,COLORADO RIVER MUNICIPAL WATER DISTRICT,Routine - Monitoring not intentionally targeted toward any environmental condition or event,,,"SPECIFIC CONDUCTANCE,FIELD (US/CM @ 25C)",94,,3150,L093190,31.90361,-100.523613,
1411,13863,E V SPENCE RESERVOIR AT DAM,,,,7/16/2008,9:39,2,LOWER COLORADO RIVER AUTHORITY,COLORADO RIVER MUNICIPAL WATER DISTRICT,Routine - Monitoring not intentionally targeted toward any environmental condition or event,,,"SPECIFIC CONDUCTANCE,FIELD (US/CM @ 25C)",94,,3150,L093191,31.90361,-100.523613,
1411,13863,E V SPENCE RESERVOIR AT DAM,,,,7/16/2008,9:41,3,LOWER COLORADO RIVER AUTHORITY,COLORADO RIVER MUNICIPAL WATER DISTRICT,Routine - Monitoring not intentionally targeted toward any environmental condition or event,,,"SPECIFIC CONDUCTANCE,FIELD (US/CM @ 25C)",94,,3140,L093192,31.90361,-100.523613,
1411,13863,E V SPENCE RESERVOIR AT DAM,,,,7/16/2008,9:44,4,LOWER COLORADO RIVER AUTHORITY,COLORADO RIVER MUNICIPAL WATER DISTRICT,Routine - Monitoring not intentionally targeted toward any environmental condition or event,,,"SPECIFIC CONDUCTANCE,FIELD (US/CM @ 25C)",94,,3140,L093193,31.90361,-100.523613,
1411,13863,E V SPENCE RESERVOIR AT DAM,,,,7/16/2008,9:47,5,LOWER COLORADO RIVER AUTHORITY,COLORADO RIVER MUNICIPAL WATER DISTRICT,Routine - Monitoring not intentionally targeted toward any environmental condition or event,,,"SPECIFIC CONDUCTANCE,FIELD (US/CM @ 25C)",94,,3140,L093194,31.90361,-100.523613,
1411,13863,E V SPENCE RESERVOIR AT DAM,,,,7/16/2008,9:49,6,LOWER COLORADO RIVER AUTHORITY,COLORADO RIVER MUNICIPAL WATER DISTRICT,Routine - Monitoring not intentionally targeted toward any environmental condition or event,,,"SPECIFIC CONDUCTANCE,FIELD (US/CM @ 25C)",94,,3140,L093195,31.90361,-100.523613,
1411,13863,E V SPENCE RESERVOIR AT DAM,,,,7/16/2008,9:51,7,LOWER COLORADO RIVER AUTHORITY,COLORADO RIVER MUNICIPAL WATER DISTRICT,Routine - Monitoring not intentionally targeted toward any environmental condition or event,,,"SPECIFIC CONDUCTANCE,FIELD (US/CM @ 25C)",94,,3140,L093196,31.90361,-100.523613,
1411,13863,E V SPENCE RESERVOIR AT DAM,,,,7/16/2008,9:53,8,LOWER COLORADO RIVER AUTHORITY,COLORADO RIVER MUNICIPAL WATER DISTRICT,Routine - Monitoring not intentionally targeted toward any environmental condition or event,,,"SPECIFIC CONDUCTANCE,FIELD (US/CM @ 25C)",94,,3140,L093197,31.90361,-100.523613,
1411,13863,E V SPENCE RESERVOIR AT DAM,,,,2/3/2009,11:16,0.3,LOWER COLORADO RIVER AUTHORITY,COLORADO RIVER MUNICIPAL WATER DISTRICT,Routine - Monitoring not intentionally targeted toward any environmental condition or event,,,"SPECIFIC CONDUCTANCE,FIELD (US/CM @ 25C)",94,,3420,L094595,31.90361,-100.523613,
1411,13863,E V SPENCE RESERVOIR AT DAM,,,,2/3/2009,11:18,1,LOWER COLORADO RIVER AUTHORITY,COLORADO RIVER MUNICIPAL WATER DISTRICT,Routine - Monitoring not intentionally targeted toward any environmental condition or event,,,"SPECIFIC CONDUCTANCE,FIELD (US/CM @ 25C)",94,,3420,L094596,31.90361,-100.523613,
1411,13863,E V SPENCE RESERVOIR AT DAM,,,,2/3/2009,11:20,2,LOWER COLORADO RIVER AUTHORITY,COLORADO RIVER MUNICIPAL WATER DISTRICT,Routine - Monitoring not intentionally targeted toward any environmental condition or event,,,"SPECIFIC CONDUCTANCE,FIELD (US/CM @ 25C)",94,,3420,L094597,31.90361,-100.523613,
1411,13863,E V SPENCE RESERVOIR AT DAM,,,,2/3/2009,11:22,3,LOWER COLORADO RIVER AUTHORITY,COLORADO RIVER MUNICIPAL WATER DISTRICT,Routine - Monitoring not intentionally targeted toward any environmental condition or event,,,"SPECIFIC CONDUCTANCE,FIELD (US/CM @ 25C)",94,,3420,L094598,31.90361,-100.523613,
1411,13863,E V SPENCE RESERVOIR AT DAM,,,,2/3/2009,11:23,4,LOWER COLORADO RIVER AUTHORITY,COLORADO RIVER MUNICIPAL WATER DISTRICT,Routine - Monitoring not intentionally targeted toward any environmental condition or event,,,"SPECIFIC CONDUCTANCE,FIELD (US/CM @ 25C)",94,,3420,L094599,31.90361,-100.523613,
1411,13863,E V SPENCE RESERVOIR AT DAM,,,,2/3/2009,11:25,5,LOWER COLORADO RIVER AUTHORITY,COLORADO RIVER MUNICIPAL WATER DISTRICT,Routine - Monitoring not intentionally targeted toward any environmental condition or event,,,"SPECIFIC CONDUCTANCE,FIELD (US/CM @ 25C)",94,,3420,L094600,31.90361,-100.523613,
1411,13863,E V SPENCE RESERVOIR AT DAM,,,,2/3/2009,11:27,6,LOWER COLORADO RIVER AUTHORITY,COLORADO RIVER MUNICIPAL WATER DISTRICT,Routine - Monitoring not intentionally targeted toward any environmental condition or event,,,"SPECIFIC CONDUCTANCE,FIELD (US/CM @ 25C)",94,,3420,L094601,31.90361,-100.523613,
1411,13863,E V SPENCE RESERVOIR AT DAM,,,,2/3/2009,11:28,7,LOWER COLORADO RIVER AUTHORITY,COLORADO RIVER MUNICIPAL WATER DISTRICT,Routine - Monitoring not intentionally targeted toward any environmental condition or event,,,"SPECIFIC CONDUCTANCE,FIELD (US/CM @ 25C)",94,,3420,L094602,31.90361,-100.523613,
1411,13863,E V SPENCE RESERVOIR AT DAM,,,,2/3/2009,11:30,8,LOWER COLORADO RIVER AUTHORITY,COLORADO RIVER MUNICIPAL WATER DISTRICT,Routine - Monitoring not intentionally targeted toward any environmental condition or event,,,"SPECIFIC CONDUCTANCE,FIELD (US/CM @ 25C)",94,,3420,L094603,31.90361,-100.523613,
1411,13863,E V SPENCE RESERVOIR AT DAM,,,,7/15/2009,9:47,0.3,LOWER COLORADO RIVER AUTHORITY,COLORADO RIVER MUNICIPAL WATER DISTRICT,Routine - Monitoring not intentionally targeted toward any environmental condition or event,,,"SPECIFIC CONDUCTANCE,FIELD (US/CM @ 25C)",94,,3970,L095597,31.90361,-100.523613,
1411,13863,E V SPENCE RESERVOIR AT DAM,,,,7/15/2009,9:51,1,LOWER COLORADO RIVER AUTHORITY,COLORADO RIVER MUNICIPAL WATER DISTRICT,Routine - Monitoring not intentionally targeted toward any environmental condition or event,,,"SPECIFIC CONDUCTANCE,FIELD (US/CM @ 25C)",94,,3960,L095598,31.90361,-100.523613,
1411,13863,E V SPENCE RESERVOIR AT DAM,,,,7/15/2009,9:53,2,LOWER COLORADO RIVER AUTHORITY,COLORADO RIVER MUNICIPAL WATER DISTRICT,Routine - Monitoring not intentionally targeted toward any environmental condition or event,,,"SPECIFIC CONDUCTANCE,FIELD (US/CM @ 25C)",94,,3960,L095599,31.90361,-100.523613,
1411,13863,E V SPENCE RESERVOIR AT DAM,,,,7/15/2009,9:55,3,LOWER COLORADO RIVER AUTHORITY,COLORADO RIVER MUNICIPAL WATER DISTRICT,Routine - Monitoring not intentionally targeted toward any environmental condition or event,,,"SPECIFIC CONDUCTANCE,FIELD (US/CM @ 25C)",94,,3960,L095600,31.90361,-100.523613,
1411,13863,E V SPENCE RESERVOIR AT DAM,,,,7/15/2009,9:57,4,LOWER COLORADO RIVER AUTHORITY,COLORADO RIVER MUNICIPAL WATER DISTRICT,Routine - Monitoring not intentionally targeted toward any environmental condition or event,,,"SPECIFIC CONDUCTANCE,FIELD (US/CM @ 25C)",94,,3960,L095601,31.90361,-100.523613,
1411,13863,E V SPENCE RESERVOIR AT DAM,,,,7/15/2009,9:59,5,LOWER COLORADO RIVER AUTHORITY,COLORADO RIVER MUNICIPAL WATER DISTRICT,Routine - Monitoring not intentionally targeted toward any environmental condition or event,,,"SPECIFIC CONDUCTANCE,FIELD (US/CM @ 25C)",94,,3960,L095602,31.90361,-100.523613,
1411,13863,E V SPENCE RESERVOIR AT DAM,,,,7/15/2009,10:02,6,LOWER COLORADO RIVER AUTHORITY,COLORADO RIVER MUNICIPAL WATER DISTRICT,Routine - Monitoring not intentionally targeted toward any environmental condition or event,,,"SPECIFIC CONDUCTANCE,FIELD (US/CM @ 25C)",94,,3960,L095603,31.90361,-100.523613,
1411,13863,E V SPENCE RESERVOIR AT DAM,,,,7/15/2009,10:04,7,LOWER COLORADO RIVER AUTHORITY,COLORADO RIVER MUNICIPAL WATER DISTRICT,Routine - Monitoring not intentionally targeted toward any environmental condition or event,,,"SPECIFIC CONDUCTANCE,FIELD (US/CM @ 25C)",94,,3940,L095604,31.90361,-100.523613,
1411,13863,E V SPENCE RESERVOIR AT DAM,,,,7/15/2009,10:06,8,LOWER COLORADO RIVER AUTHORITY,COLORADO RIVER MUNICIPAL WATER DISTRICT,Routine - Monitoring not intentionally targeted toward any environmental condition or event,,,"SPECIFIC CONDUCTANCE,FIELD (US/CM @ 25C)",94,,3910,L095605,31.90361,-100.523613,
1411,13863,E V SPENCE RESERVOIR AT DAM,,,,1/12/2010,2:43,0.3,LOWER COLORADO RIVER AUTHORITY,COLORADO RIVER MUNICIPAL WATER DISTRICT,Routine - Monitoring not intentionally targeted toward any environmental condition or event,,,"SPECIFIC CONDUCTANCE,FIELD (US/CM @ 25C)",94,,4390,L097431,31.90361,-100.523613,
1411,13863,E V SPENCE RESERVOIR AT DAM,,,,1/12/2010,2:45,1,LOWER COLORADO RIVER AUTHORITY,COLORADO RIVER MUNICIPAL WATER DISTRICT,Routine - Monitoring not intentionally targeted toward any environmental condition or event,,,"SPECIFIC CONDUCTANCE,FIELD (US/CM @ 25C)",94,,4380,L097432,31.90361,-100.523613,
1411,13863,E V SPENCE RESERVOIR AT DAM,,,,1/12/2010,2:46,2,LOWER COLORADO RIVER AUTHORITY,COLORADO RIVER MUNICIPAL WATER DISTRICT,Routine - Monitoring not intentionally targeted toward any environmental condition or event,,,"SPECIFIC CONDUCTANCE,FIELD (US/CM @ 25C)",94,,4380,L097433,31.90361,-100.523613,
1411,13863,E V SPENCE RESERVOIR AT DAM,,,,1/12/2010,2:49,3,LOWER COLORADO RIVER AUTHORITY,COLORADO RIVER MUNICIPAL WATER DISTRICT,Routine - Monitoring not intentionally targeted toward any environmental condition or event,,,"SPECIFIC CONDUCTANCE,FIELD (US/CM @ 25C)",94,,4380,L097434,31.90361,-100.523613,
1411,13863,E V SPENCE RESERVOIR AT DAM,,,,1/12/2010,2:50,4,LOWER COLORADO RIVER AUTHORITY,COLORADO RIVER MUNICIPAL WATER DISTRICT,Routine - Monitoring not intentionally targeted toward any environmental condition or event,,,"SPECIFIC CONDUCTANCE,FIELD (US/CM @ 25C)",94,,4380,L097435,31.90361,-100.523613,
1411,13863,E V SPENCE RESERVOIR AT DAM,,,,1/12/2010,2:52,5,LOWER COLORADO RIVER AUTHORITY,COLORADO RIVER MUNICIPAL WATER DISTRICT,Routine - Monitoring not intentionally targeted toward any environmental condition or event,,,"SPECIFIC CONDUCTANCE,FIELD (US/CM @ 25C)",94,,4380,L097436,31.90361,-100.523613,
1411,13863,E V SPENCE RESERVOIR AT DAM,,,,1/12/2010,2:54,6,LOWER COLORADO RIVER AUTHORITY,COLORADO RIVER MUNICIPAL WATER DISTRICT,Routine - Monitoring not intentionally targeted toward any environmental condition or event,,,"SPECIFIC CONDUCTANCE,FIELD (US/CM @ 25C)",94,,4380,L097437,31.90361,-100.523613,
1411,13863,E V SPENCE RESERVOIR AT DAM,,,,1/12/2010,2:57,7,LOWER COLORADO RIVER AUTHORITY,COLORADO RIVER MUNICIPAL WATER DISTRICT,Routine - Monitoring not intentionally targeted toward any environmental condition or event,,,"SPECIFIC CONDUCTANCE,FIELD (US/CM @ 25C)",94,,4380,L097438,31.90361,-100.523613,
1411,13863,E V SPENCE RESERVOIR AT DAM,,,,1/12/2010,2:59,7.5,LOWER COLORADO RIVER AUTHORITY,COLORADO RIVER MUNICIPAL WATER DISTRICT,Routine - Monitoring not intentionally targeted toward any environmental condition or event,,,"SPECIFIC CONDUCTANCE,FIELD (US/CM @ 25C)",94,,4380,L097439,31.90361,-100.523613,
1411,13863,E V SPENCE RESERVOIR AT DAM,,,,6/22/2010,11:39,0.3,LOWER COLORADO RIVER AUTHORITY,COLORADO RIVER MUNICIPAL WATER DISTRICT,Routine - Monitoring not intentionally targeted toward any environmental condition or event,,,"SPECIFIC CONDUCTANCE,FIELD (US/CM @ 25C)",94,,4540,L099412,31.90361,-100.523613,
1411,13863,E V SPENCE RESERVOIR AT DAM,,,,6/22/2010,11:43,1,LOWER COLORADO RIVER AUTHORITY,COLORADO RIVER MUNICIPAL WATER DISTRICT,Routine - Monitoring not intentionally targeted toward any environmental condition or event,,,"SPECIFIC CONDUCTANCE,FIELD (US/CM @ 25C)",94,,4550,L099413,31.90361,-100.523613,
1411,13863,E V SPENCE RESERVOIR AT DAM,,,,6/22/2010,11:46,2,LOWER COLORADO RIVER AUTHORITY,COLORADO RIVER MUNICIPAL WATER DISTRICT,Routine - Monitoring not intentionally targeted toward any environmental condition or event,,,"SPECIFIC CONDUCTANCE,FIELD (US/CM @ 25C)",94,,4550,L099414,31.90361,-100.523613,
1411,13863,E V SPENCE RESERVOIR AT DAM,,,,6/22/2010,11:48,3,LOWER COLORADO RIVER AUTHORITY,COLORADO RIVER MUNICIPAL WATER DISTRICT,Routine - Monitoring not intentionally targeted toward any environmental condition or event,,,"SPECIFIC CONDUCTANCE,FIELD (US/CM @ 25C)",94,,4540,L099415,31.90361,-100.523613,
1411,13863,E V SPENCE RESERVOIR AT DAM,,,,6/22/2010,11:51,4,LOWER COLORADO RIVER AUTHORITY,COLORADO RIVER MUNICIPAL WATER DISTRICT,Routine - Monitoring not intentionally targeted toward any environmental condition or event,,,"SPECIFIC CONDUCTANCE,FIELD (US/CM @ 25C)",94,,4540,L099416,31.90361,-100.523613,
1411,13863,E V SPENCE RESERVOIR AT DAM,,,,6/22/2010,11:53,5,LOWER COLORADO RIVER AUTHORITY,COLORADO RIVER MUNICIPAL WATER DISTRICT,Routine - Monitoring not intentionally targeted toward any environmental condition or event,,,"SPECIFIC CONDUCTANCE,FIELD (US/CM @ 25C)",94,,4540,L099417,31.90361,-100.523613,
1411,13863,E V SPENCE RESERVOIR AT DAM,,,,6/22/2010,11:56,6,LOWER COLORADO RIVER AUTHORITY,COLORADO RIVER MUNICIPAL WATER DISTRICT,Routine - Monitoring not intentionally targeted toward any environmental condition or event,,,"SPECIFIC CONDUCTANCE,FIELD (US/CM @ 25C)",94,,4530,L099418,31.90361,-100.523613,
1411,13863,E V SPENCE RESERVOIR AT DAM,,,,6/22/2010,11:59,7,LOWER COLORADO RIVER AUTHORITY,COLORADO RIVER MUNICIPAL WATER DISTRICT,Routine - Monitoring not intentionally targeted toward any environmental condition or event,,,"SPECIFIC CONDUCTANCE,FIELD (US/CM @ 25C)",94,,4500,L099419,31.90361,-100.523613,
1411,13863,E V SPENCE RESERVOIR AT DAM,,,,6/22/2010,12:01,8,LOWER COLORADO RIVER AUTHORITY,COLORADO RIVER MUNICIPAL WATER DISTRICT,Routine - Monitoring not intentionally targeted toward any environmental condition or event,,,"SPECIFIC CONDUCTANCE,FIELD (US/CM @ 25C)",94,,4420,L099420,31.90361,-100.523613,
1411,13863,E V SPENCE RESERVOIR AT DAM,,,,9/28/2011,10:00,0.3,LOWER COLORADO RIVER AUTHORITY,UPPER COLORADO RIVER AUTHORITY,Routine - Monitoring not intentionally targeted toward any environmental condition or event,,,"SPECIFIC CONDUCTANCE,FIELD (US/CM @ 25C)",94,,8360,L104527,31.90361,-100.523613,
1411,13863,E V SPENCE RESERVOIR AT DAM,,,,12/12/2012,9:20,0.3,LOWER COLORADO RIVER AUTHORITY,UPPER COLORADO RIVER AUTHORITY,Routine - Monitoring not intentionally targeted toward any environmental condition or event,,,"SPECIFIC CONDUCTANCE,FIELD (US/CM @ 25C)",94,,1880,L107773,31.90361,-100.523613,
1411,13863,E V SPENCE RESERVOIR AT DAM,,,,12/12/2012,9:20,1.3,LOWER COLORADO RIVER AUTHORITY,UPPER COLORADO RIVER AUTHORITY,Routine - Monitoring not intentionally targeted toward any environmental condition or event,,,"SPECIFIC CONDUCTANCE,FIELD (US/CM @ 25C)",94,,1880,L107774,31.90361,-100.523613,
1411,13863,E V SPENCE RESERVOIR AT DAM,,,,12/12/2012,9:20,2.3,LOWER COLORADO RIVER AUTHORITY,UPPER COLORADO RIVER AUTHORITY,Routine - Monitoring not intentionally targeted toward any environmental condition or event,,,"SPECIFIC CONDUCTANCE,FIELD (US/CM @ 25C)",94,,1880,L107775,31.90361,-100.523613,
1411,13863,E V SPENCE RESERVOIR AT DAM,,,,12/12/2012,9:20,3.3,LOWER COLORADO RIVER AUTHORITY,UPPER COLORADO RIVER AUTHORITY,Routine - Monitoring not intentionally targeted toward any environmental condition or event,,,"SPECIFIC CONDUCTANCE,FIELD (US/CM @ 25C)",94,,1880,L107776,31.90361,-100.523613,
1411,13863,E V SPENCE RESERVOIR AT DAM,,,,12/12/2012,9:20,4.3,LOWER COLORADO RIVER AUTHORITY,UPPER COLORADO RIVER AUTHORITY,Routine - Monitoring not intentionally targeted toward any environmental condition or event,,,"SPECIFIC CONDUCTANCE,FIELD (US/CM @ 25C)",94,,1890,L107777,31.90361,-100.523613,
1411,13863,E V SPENCE RESERVOIR AT DAM,,,,12/12/2012,9:20,5.3,LOWER COLORADO RIVER AUTHORITY,UPPER COLORADO RIVER AUTHORITY,Routine - Monitoring not intentionally targeted toward any environmental condition or event,,,"SPECIFIC CONDUCTANCE,FIELD (US/CM @ 25C)",94,,1890,L107778,31.90361,-100.523613,
1411,13863,E V SPENCE RESERVOIR AT DAM,,,,12/12/2012,9:20,6.3,LOWER COLORADO RIVER AUTHORITY,UPPER COLORADO RIVER AUTHORITY,Routine - Monitoring not intentionally targeted toward any environmental condition or event,,,"SPECIFIC CONDUCTANCE,FIELD (US/CM @ 25C)",94,,2180,L107779,31.90361,-100.523613,
1411,13863,E V SPENCE RESERVOIR AT DAM,,,,12/12/2012,9:20,7.3,LOWER COLORADO RIVER AUTHORITY,UPPER COLORADO RIVER AUTHORITY,Routine - Monitoring not intentionally targeted toward any environmental condition or event,,,"SPECIFIC CONDUCTANCE,FIELD (US/CM @ 25C)",94,,4680,L107780,31.90361,-100.523613,
1411,13863,E V SPENCE RESERVOIR AT DAM,,,,12/12/2012,9:20,8.3,LOWER COLORADO RIVER AUTHORITY,UPPER COLORADO RIVER AUTHORITY,Routine - Monitoring not intentionally targeted toward any environmental condition or event,,,"SPECIFIC CONDUCTANCE,FIELD (US/CM @ 25C)",94,,5120,L107781,31.90361,-100.523613,
1411,13863,E V SPENCE RESERVOIR AT DAM,,,,5/29/2013,2:00,0.3,LOWER COLORADO RIVER AUTHORITY,UPPER COLORADO RIVER AUTHORITY,Routine - Monitoring not intentionally targeted toward any environmental condition or event,,,"SPECIFIC CONDUCTANCE,FIELD (US/CM @ 25C)",94,,2780,L109585,31.90361,-100.523613,
1411,13863,E V SPENCE RESERVOIR AT DAM,,,,5/29/2013,2:00,1,LOWER COLORADO RIVER AUTHORITY,UPPER COLORADO RIVER AUTHORITY,Routine - Monitoring not intentionally targeted toward any environmental condition or event,,,"SPECIFIC CONDUCTANCE,FIELD (US/CM @ 25C)",94,,2790,L109586,31.90361,-100.523613,
1411,13863,E V SPENCE RESERVOIR AT DAM,,,,5/29/2013,2:00,2,LOWER COLORADO RIVER AUTHORITY,UPPER COLORADO RIVER AUTHORITY,Routine - Monitoring not intentionally targeted toward any environmental condition or event,,,"SPECIFIC CONDUCTANCE,FIELD (US/CM @ 25C)",94,,2790,L109587,31.90361,-100.523613,
1411,13863,E V SPENCE RESERVOIR AT DAM,,,,5/29/2013,2:00,5,LOWER COLORADO RIVER AUTHORITY,UPPER COLORADO RIVER AUTHORITY,Routine - Monitoring not intentionally targeted toward any environmental condition or event,,,"SPECIFIC CONDUCTANCE,FIELD (US/CM @ 25C)",94,,2780,L109588,31.90361,-100.523613,
1411,13863,E V SPENCE RESERVOIR AT DAM,,,,5/29/2013,2:00,8,LOWER COLORADO RIVER AUTHORITY,UPPER COLORADO RIVER AUTHORITY,Routine - Monitoring not intentionally targeted toward any environmental condition or event,,,"SPECIFIC CONDUCTANCE,FIELD (US/CM @ 25C)",94,,2770,L109589,31.90361,-100.523613,
1411,13863,E V SPENCE RESERVOIR AT DAM,,,,7/8/2014,3:20,5.7,LOWER COLORADO RIVER AUTHORITY,UPPER COLORADO RIVER AUTHORITY,Routine - Monitoring not intentionally targeted toward any environmental condition or event,,,"SPECIFIC CONDUCTANCE,FIELD (US/CM @ 25C)",94,,3870,L112784,31.90361,-100.523613,
1411,13863,E V SPENCE RESERVOIR AT DAM,,,,7/8/2014,3:20,3,LOWER COLORADO RIVER AUTHORITY,UPPER COLORADO RIVER AUTHORITY,Routine - Monitoring not intentionally targeted toward any environmental condition or event,,,"SPECIFIC CONDUCTANCE,FIELD (US/CM @ 25C)",94,,3850,L112783,31.90361,-100.523613,
1411,13863,E V SPENCE RESERVOIR AT DAM,,,,7/8/2014,3:20,0.3,LOWER COLORADO RIVER AUTHORITY,UPPER COLORADO RIVER AUTHORITY,Routine - Monitoring not intentionally targeted toward any environmental condition or event,,,"SPECIFIC CONDUCTANCE,FIELD (US/CM @ 25C)",94,,3860,L112782,31.90361,-100.523613,
1411,13863,E V SPENCE RESERVOIR AT DAM,,,,3/18/2015,2:30,4.4,LOWER COLORADO RIVER AUTHORITY,UPPER COLORADO RIVER AUTHORITY,Routine - Monitoring not intentionally targeted toward any environmental condition or event,,,"SPECIFIC CONDUCTANCE,FIELD (US/CM @ 25C)",94,,3050,L114715,31.90361,-100.523613,
1411,13863,E V SPENCE RESERVOIR AT DAM,,,,3/18/2015,2:30,2.3,LOWER COLORADO RIVER AUTHORITY,UPPER COLORADO RIVER AUTHORITY,Routine - Monitoring not intentionally targeted toward any environmental condition or event,,,"SPECIFIC CONDUCTANCE,FIELD (US/CM @ 25C)",94,,3050,L114714,31.90361,-100.523613,
1411,13863,E V SPENCE RESERVOIR AT DAM,,,,3/18/2015,2:30,0.3,LOWER COLORADO RIVER AUTHORITY,UPPER COLORADO RIVER AUTHORITY,Routine - Monitoring not intentionally targeted toward any environmental condition or event,,,"SPECIFIC CONDUCTANCE,FIELD (US/CM @ 25C)",94,,3020,L114713,31.90361,-100.523613,
1411,13863,E V SPENCE RESERVOIR AT DAM,,,,8/19/2015,9:00,0.3,LOWER COLORADO RIVER AUTHORITY,UPPER COLORADO RIVER AUTHORITY,Routine - Monitoring not intentionally targeted toward any environmental condition or event,,,"SPECIFIC CONDUCTANCE,FIELD (US/CM @ 25C)",94,,2260,L115846,31.90361,-100.523613,
1411,13863,E V SPENCE RESERVOIR AT DAM,,,,8/19/2015,9:00,2,LOWER COLORADO RIVER AUTHORITY,UPPER COLORADO RIVER AUTHORITY,Routine - Monitoring not intentionally targeted toward any environmental condition or event,,,"SPECIFIC CONDUCTANCE,FIELD (US/CM @ 25C)",94,,2260,L115845,31.90361,-100.523613,
1411,13863,E V SPENCE RESERVOIR AT DAM,,,,8/19/2015,9:00,4,LOWER COLORADO RIVER AUTHORITY,UPPER COLORADO RIVER AUTHORITY,Routine - Monitoring not intentionally targeted toward any environmental condition or event,,,"SPECIFIC CONDUCTANCE,FIELD (US/CM @ 25C)",94,,2260,L115844,31.90361,-100.523613,
1411,13863,E V SPENCE RESERVOIR AT DAM,,,,8/19/2015,9:00,5,LOWER COLORADO RIVER AUTHORITY,UPPER COLORADO RIVER AUTHORITY,Routine - Monitoring not intentionally targeted toward any environmental condition or event,,,"SPECIFIC CONDUCTANCE,FIELD (US/CM @ 25C)",94,,2260,L115843,31.90361,-100.523613,
1411,13863,E V SPENCE RESERVOIR AT DAM,,,,8/19/2015,9:00,6,LOWER COLORADO RIVER AUTHORITY,UPPER COLORADO RIVER AUTHORITY,Routine - Monitoring not intentionally targeted toward any environmental condition or event,,,"SPECIFIC CONDUCTANCE,FIELD (US/CM @ 25C)",94,,2250,L115842,31.90361,-100.523613,
1411,13863,E V SPENCE RESERVOIR AT DAM,,,,8/19/2015,9:00,8,LOWER COLORADO RIVER AUTHORITY,UPPER COLORADO RIVER AUTHORITY,Routine - Monitoring not intentionally targeted toward any environmental condition or event,,,"SPECIFIC CONDUCTANCE,FIELD (US/CM @ 25C)",94,,2410,L115841,31.90361,-100.523613,
1411,13863,E V SPENCE RESERVOIR AT DAM,,,,2/17/2016,10:50,7,LOWER COLORADO RIVER AUTHORITY,UPPER COLORADO RIVER AUTHORITY,Routine - Monitoring not intentionally targeted toward any environmental condition or event,,,"SPECIFIC CONDUCTANCE,FIELD (US/CM @ 25C)",94,,2060,L117301,31.90361,-100.523613,
1411,13863,E V SPENCE RESERVOIR AT DAM,,,,2/17/2016,10:50,5,LOWER COLORADO RIVER AUTHORITY,UPPER COLORADO RIVER AUTHORITY,Routine - Monitoring not intentionally targeted toward any environmental condition or event,,,"SPECIFIC CONDUCTANCE,FIELD (US/CM @ 25C)",94,,2060,L117300,31.90361,-100.523613,
1411,13863,E V SPENCE RESERVOIR AT DAM,,,,2/17/2016,10:50,2.5,LOWER COLORADO RIVER AUTHORITY,UPPER COLORADO RIVER AUTHORITY,Routine - Monitoring not intentionally targeted toward any environmental condition or event,,,"SPECIFIC CONDUCTANCE,FIELD (US/CM @ 25C)",94,,2060,L117299,31.90361,-100.523613,
1411,13863,E V SPENCE RESERVOIR AT DAM,,,,2/17/2016,10:50,0.3,LOWER COLORADO RIVER AUTHORITY,UPPER COLORADO RIVER AUTHORITY,Routine - Monitoring not intentionally targeted toward any environmental condition or event,,,"SPECIFIC CONDUCTANCE,FIELD (US/CM @ 25C)",94,,2060,L117298,31.90361,-100.523613,
1411,13863,E V SPENCE RESERVOIR AT DAM,,,,8/2/2016,10:10,8,LOWER COLORADO RIVER AUTHORITY,UPPER COLORADO RIVER AUTHORITY,Routine - Monitoring not intentionally targeted toward any environmental condition or event,,,"SPECIFIC CONDUCTANCE,FIELD (US/CM @ 25C)",94,,2480,L118920,31.90361,-100.523613,
1411,13863,E V SPENCE RESERVOIR AT DAM,,,,8/2/2016,10:10,6,LOWER COLORADO RIVER AUTHORITY,UPPER COLORADO RIVER AUTHORITY,Routine - Monitoring not intentionally targeted toward any environmental condition or event,,,"SPECIFIC CONDUCTANCE,FIELD (US/CM @ 25C)",94,,2540,L118919,31.90361,-100.523613,
1411,13863,E V SPENCE RESERVOIR AT DAM,,,,8/2/2016,10:10,4,LOWER COLORADO RIVER AUTHORITY,UPPER COLORADO RIVER AUTHORITY,Routine - Monitoring not intentionally targeted toward any environmental condition or event,,,"SPECIFIC CONDUCTANCE,FIELD (US/CM @ 25C)",94,,2560,L118918,31.90361,-100.523613,
1411,13863,E V SPENCE RESERVOIR AT DAM,,,,8/2/2016,10:10,2,LOWER COLORADO RIVER AUTHORITY,UPPER COLORADO RIVER AUTHORITY,Routine - Monitoring not intentionally targeted toward any environmental condition or event,,,"SPECIFIC CONDUCTANCE,FIELD (US/CM @ 25C)",94,,2570,L118917,31.90361,-100.523613,
1411,13863,E V SPENCE RESERVOIR AT DAM,,,,8/2/2016,10:10,0.3,LOWER COLORADO RIVER AUTHORITY,UPPER COLORADO RIVER AUTHORITY,Routine - Monitoring not intentionally targeted toward any environmental condition or event,,,"SPECIFIC CONDUCTANCE,FIELD (US/CM @ 25C)",94,,2570,L118916,31.90361,-100.523613,
1411,13863,E V SPENCE RESERVOIR AT DAM,,,,3/1/2017,2:00,0.3,LOWER COLORADO RIVER AUTHORITY,UPPER COLORADO RIVER AUTHORITY,Routine - Monitoring not intentionally targeted toward any environmental condition or event,,,"SPECIFIC CONDUCTANCE,FIELD (US/CM @ 25C)",94,,2370,L121263,31.90361,-100.523613,
1411,13863,E V SPENCE RESERVOIR AT DAM,,,,3/1/2017,2:00,1.6,LOWER COLORADO RIVER AUTHORITY,UPPER COLORADO RIVER AUTHORITY,Routine - Monitoring not intentionally targeted toward any environmental condition or event,,,"SPECIFIC CONDUCTANCE,FIELD (US/CM @ 25C)",94,,2370,L121262,31.90361,-100.523613,
1411,13863,E V SPENCE RESERVOIR AT DAM,,,,3/1/2017,2:00,4.6,LOWER COLORADO RIVER AUTHORITY,UPPER COLORADO RIVER AUTHORITY,Routine - Monitoring not intentionally targeted toward any environmental condition or event,,,"SPECIFIC CONDUCTANCE,FIELD (US/CM @ 25C)",94,,2370,L121261,31.90361,-100.523613,
1411,13863,E V SPENCE RESERVOIR AT DAM,,,,3/1/2017,2:00,7.6,LOWER COLORADO RIVER AUTHORITY,UPPER COLORADO RIVER AUTHORITY,Routine - Monitoring not intentionally targeted toward any environmental condition or event,,,"SPECIFIC CONDUCTANCE,FIELD (US/CM @ 25C)",94,,2360,L121260,31.90361,-100.523613,
1411,13863,E V SPENCE RESERVOIR AT DAM,,,,8/21/2017,11:45,0.3,LOWER COLORADO RIVER AUTHORITY,UPPER COLORADO RIVER AUTHORITY,Routine - Monitoring not intentionally targeted toward any environmental condition or event,,,"SPECIFIC CONDUCTANCE,FIELD (US/CM @ 25C)",94,,2730,L122313,31.90361,-100.523613,
1411,13863,E V SPENCE RESERVOIR AT DAM,,,,8/21/2017,11:45,1.8,LOWER COLORADO RIVER AUTHORITY,UPPER COLORADO RIVER AUTHORITY,Routine - Monitoring not intentionally targeted toward any environmental condition or event,,,"SPECIFIC CONDUCTANCE,FIELD (US/CM @ 25C)",94,,2730,L122312,31.90361,-100.523613,
1411,13863,E V SPENCE RESERVOIR AT DAM,,,,8/21/2017,11:45,3.5,LOWER COLORADO RIVER AUTHORITY,UPPER COLORADO RIVER AUTHORITY,Routine - Monitoring not intentionally targeted toward any environmental condition or event,,,"SPECIFIC CONDUCTANCE,FIELD (US/CM @ 25C)",94,,2730,L122311,31.90361,-100.523613,
1411,13863,E V SPENCE RESERVOIR AT DAM,,,,8/21/2017,11:45,4.5,LOWER COLORADO RIVER AUTHORITY,UPPER COLORADO RIVER AUTHORITY,Routine - Monitoring not intentionally targeted toward any environmental condition or event,,,"SPECIFIC CONDUCTANCE,FIELD (US/CM @ 25C)",94,,2730,L122310,31.90361,-100.523613,
1411,13863,E V SPENCE RESERVOIR AT DAM,,,,8/21/2017,11:45,5.5,LOWER COLORADO RIVER AUTHORITY,UPPER COLORADO RIVER AUTHORITY,Routine - Monitoring not intentionally targeted toward any environmental condition or event,,,"SPECIFIC CONDUCTANCE,FIELD (US/CM @ 25C)",94,,2730,L122309,31.90361,-100.523613,
1411,13863,E V SPENCE RESERVOIR AT DAM,,,,8/21/2017,11:45,6.5,LOWER COLORADO RIVER AUTHORITY,UPPER COLORADO RIVER AUTHORITY,Routine - Monitoring not intentionally targeted toward any environmental condition or event,,,"SPECIFIC CONDUCTANCE,FIELD (US/CM @ 25C)",94,,2730,L122308,31.90361,-100.523613,
1411,13863,E V SPENCE RESERVOIR AT DAM,,,,8/21/2017,11:45,7.5,LOWER COLORADO RIVER AUTHORITY,UPPER COLORADO RIVER AUTHORITY,Routine - Monitoring not intentionally targeted toward any environmental condition or event,,,"SPECIFIC CONDUCTANCE,FIELD (US/CM @ 25C)",94,,2730,L122307,31.90361,-100.523613,
1411,13863,E V SPENCE RESERVOIR AT DAM,,,,12/18/2017,1:30,6.8,LOWER COLORADO RIVER AUTHORITY,UPPER COLORADO RIVER AUTHORITY,Routine - Monitoring not intentionally targeted toward any environmental condition or event,,,"SPECIFIC CONDUCTANCE,FIELD (US/CM @ 25C)",94,,2800,L123962,31.90361,-100.523613,
1411,13863,E V SPENCE RESERVOIR AT DAM,,,,12/18/2017,1:30,3.8,LOWER COLORADO RIVER AUTHORITY,UPPER COLORADO RIVER AUTHORITY,Routine - Monitoring not intentionally targeted toward any environmental condition or event,,,"SPECIFIC CONDUCTANCE,FIELD (US/CM @ 25C)",94,,2800,L123961,31.90361,-100.523613,
1411,13863,E V SPENCE RESERVOIR AT DAM,,,,12/18/2017,1:30,1.5,LOWER COLORADO RIVER AUTHORITY,UPPER COLORADO RIVER AUTHORITY,Routine - Monitoring not intentionally targeted toward any environmental condition or event,,,"SPECIFIC CONDUCTANCE,FIELD (US/CM @ 25C)",94,,2800,L123960,31.90361,-100.523613,
1411,13863,E V SPENCE RESERVOIR AT DAM,,,,12/18/2017,1:30,0.3,LOWER COLORADO RIVER AUTHORITY,UPPER COLORADO RIVER AUTHORITY,Routine - Monitoring not intentionally targeted toward any environmental condition or event,,,"SPECIFIC CONDUCTANCE,FIELD (US/CM @ 25C)",94,,2800,L123959,31.90361,-100.523613,
1411,13863,E V SPENCE RESERVOIR AT DAM,,,,5/14/2018,1:20,0.3,LOWER COLORADO RIVER AUTHORITY,UPPER COLORADO RIVER AUTHORITY,Routine - Monitoring not intentionally targeted toward any environmental condition or event,,,"SPECIFIC CONDUCTANCE,FIELD (US/CM @ 25C)",94,,2990,L126571,31.90361,-100.523613,
1411,13863,E V SPENCE RESERVOIR AT DAM,,,,5/14/2018,1:20,3,LOWER COLORADO RIVER AUTHORITY,UPPER COLORADO RIVER AUTHORITY,Routine - Monitoring not intentionally targeted toward any environmental condition or event,,,"SPECIFIC CONDUCTANCE,FIELD (US/CM @ 25C)",94,,2990,L126570,31.90361,-100.523613,
1411,13863,E V SPENCE RESERVOIR AT DAM,,,,5/14/2018,1:20,4,LOWER COLORADO RIVER AUTHORITY,UPPER COLORADO RIVER AUTHORITY,Routine - Monitoring not intentionally targeted toward any environmental condition or event,,,"SPECIFIC CONDUCTANCE,FIELD (US/CM @ 25C)",94,,2990,L126569,31.90361,-100.523613,
1411,13863,E V SPENCE RESERVOIR AT DAM,,,,5/14/2018,1:20,5,LOWER COLORADO RIVER AUTHORITY,UPPER COLORADO RIVER AUTHORITY,Routine - Monitoring not intentionally targeted toward any environmental condition or event,,,"SPECIFIC CONDUCTANCE,FIELD (US/CM @ 25C)",94,,2990,L126568,31.90361,-100.523613,
1411,13863,E V SPENCE RESERVOIR AT DAM,,,,5/14/2018,1:20,6,LOWER COLORADO RIVER AUTHORITY,UPPER COLORADO RIVER AUTHORITY,Routine - Monitoring not intentionally targeted toward any environmental condition or event,,,"SPECIFIC CONDUCTANCE,FIELD (US/CM @ 25C)",94,,3000,L126567,31.90361,-100.523613,
1411,13863,E V SPENCE RESERVOIR AT DAM,,,,5/14/2018,1:20,7,LOWER COLORADO RIVER AUTHORITY,UPPER COLORADO RIVER AUTHORITY,Routine - Monitoring not intentionally targeted toward any environmental condition or event,,,"SPECIFIC CONDUCTANCE,FIELD (US/CM @ 25C)",94,,2990,L126566,31.90361,-100.523613,
1411,13863,E V SPENCE RESERVOIR AT DAM,,,,5/14/2018,1:20,8,LOWER COLORADO RIVER AUTHORITY,UPPER COLORADO RIVER AUTHORITY,Routine - Monitoring not intentionally targeted toward any environmental condition or event,,,"SPECIFIC CONDUCTANCE,FIELD (US/CM @ 25C)",94,,2980,L126565,31.90361,-100.523613,
1411,13863,E V SPENCE RESERVOIR AT DAM,,,,2/5/2019,9:40,4.5,LOWER COLORADO RIVER AUTHORITY,UPPER COLORADO RIVER AUTHORITY,Routine - Monitoring not intentionally targeted toward any environmental condition or event,,,"SPECIFIC CONDUCTANCE,FIELD (US/CM @ 25C)",94,,1890,L129734,31.90361,-100.523613,
1411,13863,E V SPENCE RESERVOIR AT DAM,,,,2/5/2019,9:40,0.3,LOWER COLORADO RIVER AUTHORITY,UPPER COLORADO RIVER AUTHORITY,Routine - Monitoring not intentionally targeted toward any environmental condition or event,,,"SPECIFIC CONDUCTANCE,FIELD (US/CM @ 25C)",94,,1890,L129736,31.90361,-100.523613,
1411,13863,E V SPENCE RESERVOIR AT DAM,,,,2/5/2019,9:40,2.5,LOWER COLORADO RIVER AUTHORITY,UPPER COLORADO RIVER AUTHORITY,Routine - Monitoring not intentionally targeted toward any environmental condition or event,,,"SPECIFIC CONDUCTANCE,FIELD (US/CM @ 25C)",94,,1890,L129735,31.90361,-100.523613,
1411,13863,E V SPENCE RESERVOIR AT DAM,,,,2/5/2019,9:40,6.5,LOWER COLORADO RIVER AUTHORITY,UPPER COLORADO RIVER AUTHORITY,Routine - Monitoring not intentionally targeted toward any environmental condition or event,,,"SPECIFIC CONDUCTANCE,FIELD (US/CM @ 25C)",94,,1890,L129733,31.90361,-100.523613,
1411,13863,E V SPENCE RESERVOIR AT DAM,,,,8/19/2019,9:00,8.1,LOWER COLORADO RIVER AUTHORITY,UPPER COLORADO RIVER AUTHORITY,Routine - Monitoring not intentionally targeted toward any environmental condition or event,,,"SPECIFIC CONDUCTANCE,FIELD (US/CM @ 25C)",94,,2240,L133271,31.90361,-100.523613,
1411,13863,E V SPENCE RESERVOIR AT DAM,,,,8/19/2019,9:00,4.1,LOWER COLORADO RIVER AUTHORITY,UPPER COLORADO RIVER AUTHORITY,Routine - Monitoring not intentionally targeted toward any environmental condition or event,,,"SPECIFIC CONDUCTANCE,FIELD (US/CM @ 25C)",94,,2250,L133267,31.90361,-100.523613,
1411,13863,E V SPENCE RESERVOIR AT DAM,,,,8/19/2019,9:00,7.1,LOWER COLORADO RIVER AUTHORITY,UPPER COLORADO RIVER AUTHORITY,Routine - Monitoring not intentionally targeted toward any environmental condition or event,,,"SPECIFIC CONDUCTANCE,FIELD (US/CM @ 25C)",94,,2240,L133270,31.90361,-100.523613,
1411,13863,E V SPENCE RESERVOIR AT DAM,,,,8/19/2019,9:00,6.1,LOWER COLORADO RIVER AUTHORITY,UPPER COLORADO RIVER AUTHORITY,Routine - Monitoring not intentionally targeted toward any environmental condition or event,,,"SPECIFIC CONDUCTANCE,FIELD (US/CM @ 25C)",94,,2250,L133269,31.90361,-100.523613,
1411,13863,E V SPENCE RESERVOIR AT DAM,,,,8/19/2019,9:00,5.1,LOWER COLORADO RIVER AUTHORITY,UPPER COLORADO RIVER AUTHORITY,Routine - Monitoring not intentionally targeted toward any environmental condition or event,,,"SPECIFIC CONDUCTANCE,FIELD (US/CM @ 25C)",94,,2250,L133268,31.90361,-100.523613,
1411,13863,E V SPENCE RESERVOIR AT DAM,,,,8/19/2019,9:00,3.1,LOWER COLORADO RIVER AUTHORITY,UPPER COLORADO RIVER AUTHORITY,Routine - Monitoring not intentionally targeted toward any environmental condition or event,,,"SPECIFIC CONDUCTANCE,FIELD (US/CM @ 25C)",94,,2250,L133266,31.90361,-100.523613,
1411,13863,E V SPENCE RESERVOIR AT DAM,,,,8/19/2019,9:00,2.1,LOWER COLORADO RIVER AUTHORITY,UPPER COLORADO RIVER AUTHORITY,Routine - Monitoring not intentionally targeted toward any environmental condition or event,,,"SPECIFIC CONDUCTANCE,FIELD (US/CM @ 25C)",94,,2260,L133265,31.90361,-100.523613,
1411,13863,E V SPENCE RESERVOIR AT DAM,,,,8/19/2019,9:00,0.3,LOWER COLORADO RIVER AUTHORITY,UPPER COLORADO RIVER AUTHORITY,Routine - Monitoring not intentionally targeted toward any environmental condition or event,,,"SPECIFIC CONDUCTANCE,FIELD (US/CM @ 25C)",94,,2260,L133264,31.90361,-100.523613,
1411,13863,E V SPENCE RESERVOIR AT DAM,,,,8/27/2020,10:16,0.3,LOWER COLORADO RIVER AUTHORITY,UPPER COLORADO RIVER AUTHORITY,Routine - Monitoring not intentionally targeted toward any environmental condition or event,,,"SPECIFIC CONDUCTANCE,FIELD (US/CM @ 25C)",94,,2600,L136560,31.90361,-100.523613,
1411,13863,E V SPENCE RESERVOIR AT DAM,,,,8/27/2020,10:17,1,LOWER COLORADO RIVER AUTHORITY,UPPER COLORADO RIVER AUTHORITY,Routine - Monitoring not intentionally targeted toward any environmental condition or event,,,"SPECIFIC CONDUCTANCE,FIELD (US/CM @ 25C)",94,,2610,L136561,31.90361,-100.523613,
1411,13863,E V SPENCE RESERVOIR AT DAM,,,,8/27/2020,10:17,2,LOWER COLORADO RIVER AUTHORITY,UPPER COLORADO RIVER AUTHORITY,Routine - Monitoring not intentionally targeted toward any environmental condition or event,,,"SPECIFIC CONDUCTANCE,FIELD (US/CM @ 25C)",94,,2610,L136562,31.90361,-100.523613,
1411,13863,E V SPENCE RESERVOIR AT DAM,,,,8/27/2020,10:17,3,LOWER COLORADO RIVER AUTHORITY,UPPER COLORADO RIVER AUTHORITY,Routine - Monitoring not intentionally targeted toward any environmental condition or event,,,"SPECIFIC CONDUCTANCE,FIELD (US/CM @ 25C)",94,,2600,L136563,31.90361,-100.523613,
1411,13863,E V SPENCE RESERVOIR AT DAM,,,,8/27/2020,10:18,4,LOWER COLORADO RIVER AUTHORITY,UPPER COLORADO RIVER AUTHORITY,Routine - Monitoring not intentionally targeted toward any environmental condition or event,,,"SPECIFIC CONDUCTANCE,FIELD (US/CM @ 25C)",94,,2600,L136564,31.90361,-100.523613,
1411,13863,E V SPENCE RESERVOIR AT DAM,,,,8/27/2020,10:18,5,LOWER COLORADO RIVER AUTHORITY,UPPER COLORADO RIVER AUTHORITY,Routine - Monitoring not intentionally targeted toward any environmental condition or event,,,"SPECIFIC CONDUCTANCE,FIELD (US/CM @ 25C)",94,,2590,L136565,31.90361,-100.523613,
1411,13863,E V SPENCE RESERVOIR AT DAM,,,,8/27/2020,10:19,6,LOWER COLORADO RIVER AUTHORITY,UPPER COLORADO RIVER AUTHORITY,Routine - Monitoring not intentionally targeted toward any environmental condition or event,,,"SPECIFIC CONDUCTANCE,FIELD (US/CM @ 25C)",94,,2590,L136566,31.90361,-100.523613,
1411,13863,E V SPENCE RESERVOIR AT DAM,,,,8/27/2020,10:19,7,LOWER COLORADO RIVER AUTHORITY,UPPER COLORADO RIVER AUTHORITY,Routine - Monitoring not intentionally targeted toward any environmental condition or event,,,"SPECIFIC CONDUCTANCE,FIELD (US/CM @ 25C)",94,,2580,L136567,31.90361,-100.523613,
1411,13863,E V SPENCE RESERVOIR AT DAM,,,,8/27/2020,10:20,8,LOWER COLORADO RIVER AUTHORITY,UPPER COLORADO RIVER AUTHORITY,Routine - Monitoring not intentionally targeted toward any environmental condition or event,,,"SPECIFIC CONDUCTANCE,FIELD (US/CM @ 25C)",94,,2580,L136568,31.90361,-100.523613,
